<?xml version='1.0' encoding='utf-8' standalone='yes' ?>
<map>
    <long name="com.facebook.appevents.SessionInfo.sessionStartTime" value="1755252781689" />
    <long name="com.facebook.appevents.SessionInfo.sessionEndTime" value="1755252889478" />
    <boolean name="bg_startup_tracing" value="false" />
    <int name="com.encdata.rakib.classes.originalInstallVersionCode" value="50005" />
    <int name="com.facebook.appevents.SessionInfo.interruptionCount" value="5" />
    <long name="com.encdata.rakib.classes.cloneTimestamp" value="1754270726180" />
    <string name="com.facebook.appevents.SessionInfo.sessionId">2d1fb4d7-b345-4a17-bba1-1091bf1f79aa</string>
</map>
