{"Fid":"cEeIL1zJSqqbhB8X6oYUG9","Status":3,"AuthToken":"eyJhbGciOiJFUzI1NiIsInR5cCI6IkpXVCJ9.eyJhcHBJZCI6IjE6ODUwMjIwMDM3MDgxOmFuZHJvaWQ6MmE1OGNhMjhkNmEzZDM0YiIsImV4cCI6MTc1NTg0ODU3NiwiZmlkIjoiY0VlSUwxekpTcXFiaEI4WDZvWVVHOSIsInByb2plY3ROdW1iZXIiOjg1MDIyMDAzNzA4MX0.AB2LPV8wRQIhAMlmp8AYlW9xPoO2SOTLFANY-dyy8g_BLfA3NgNPFHmwAiBUNeGnCl9cDNw0kgIu4GSgK_SyHIdtYDfz4LdfUtc6yQ","RefreshToken":"3_AS3qfwJdat__87hytFPIMEWvuV6VWwGDyX0mINNpywm8w52JmFQ1FCNv-ylXNiBb2twUmMJ_MzOAsgqkwEf-CxcfLjkZ5yEho_gEPIYt9e1QwQ","TokenCreationEpochInSecs":1755243776,"ExpiresInSecs":604800}